{"_runtime":11,"system_metrics":{"memory_percent":52.9,"memory_available_gb":7.497245788574219,"disk_percent":57.4,"disk_free_gb":197.96776580810547,"timestamp":"2025-08-02T01:31:18.264328","cpu_percent":36.7},"_timestamp":1.7540982782653315e+09,"_step":0,"_wandb":{"runtime":11}}