{"system_metrics":{"network_bytes_sent":623330925,"network_bytes_recv":1414281442,"active_processes":229,"timestamp":"2025-08-02T03:21:05.170954","cpu_percent":6.8,"memory_percent":55.5,"memory_available_gb":7.094646453857422,"disk_percent":57.4},"_timestamp":1.7541048651768937e+09,"_step":35,"_wandb":{"runtime":213},"_runtime":213}