{"_timestamp":1.7541058982258513e+09,"_step":0,"_wandb":{"runtime":1},"_runtime":1,"system_metrics":{"network_bytes_recv":1424510734,"active_processes":229,"timestamp":"2025-08-02T03:38:18.219181","cpu_percent":27.1,"memory_percent":54.7,"memory_available_gb":7.214977264404297,"disk_percent":57.4,"network_bytes_sent":654327006}}