{"_wandb":{"runtime":1},"_runtime":1,"_step":0,"system_metrics":{"active_processes":229,"timestamp":"2025-08-02T02:29:19.046612","cpu_percent":29.2,"memory_percent":55.3,"memory_available_gb":7.112586975097656,"disk_percent":57.4,"network_bytes_sent":573590017,"network_bytes_recv":1389947840},"_timestamp":1.754101759053122e+09}