{"_runtime":8,"system_metrics":{"disk_free_gb":197.9566307067871,"timestamp":"2025-08-02T01:35:32.684082","cpu_percent":3.6,"memory_percent":51.6,"memory_available_gb":7.70623779296875,"disk_percent":57.4},"_timestamp":1.754098532684083e+09,"_step":0,"_wandb":{"runtime":8}}