{"_timestamp":1.7541046126478233e+09,"_step":0,"_wandb":{"runtime":1},"_runtime":1,"system_metrics":{"active_processes":229,"timestamp":"2025-08-02T03:16:52.640083","cpu_percent":15,"memory_percent":54.5,"memory_available_gb":7.24835205078125,"disk_percent":57.4,"network_bytes_sent":618828053,"network_bytes_recv":1412970485}}