{"_timestamp":1.7541017977904985e+09,"_step":0,"_wandb":{"runtime":1},"_runtime":1,"system_metrics":{"disk_percent":57.4,"network_bytes_sent":574372745,"network_bytes_recv":1390929774,"active_processes":229,"timestamp":"2025-08-02T02:29:57.782245","cpu_percent":66.2,"memory_percent":55.6,"memory_available_gb":7.071384429931641}}