{"_runtime":8,"system_metrics":{"cpu_percent":30.7,"memory_percent":52.8,"memory_available_gb":7.523227691650391,"disk_percent":57.4,"disk_free_gb":197.96398544311523,"timestamp":"2025-08-02T01:32:51.117899"},"_timestamp":1.7540983711182468e+09,"_step":0,"_wandb":{"runtime":8}}