{"_timestamp":1.754104204282108e+09,"_step":0,"_wandb":{"runtime":1},"_runtime":1,"system_metrics":{"cpu_percent":24.1,"memory_percent":54.4,"memory_available_gb":7.264430999755859,"disk_percent":57.4,"network_bytes_sent":609027412,"network_bytes_recv":1408460878,"active_processes":230,"timestamp":"2025-08-02T03:10:04.276061"}}