{"_step":0,"system_metrics":{"cpu_percent":9.6,"memory_percent":56.8,"memory_available_gb":6.881095886230469,"disk_percent":57.4,"disk_free_gb":197.9677391052246,"timestamp":"2025-08-02T01:45:05.153352"},"_timestamp":1.7540991051533527e+09,"_wandb":{"runtime":8},"_runtime":8}