{"_step":0,"system_metrics":{"memory_percent":53,"memory_available_gb":7.4915924072265625,"disk_percent":57.4,"disk_free_gb":197.9024200439453,"timestamp":"2025-08-02T02:03:16.446543","cpu_percent":27.4},"_wandb":{"runtime":8},"_runtime":8,"_timestamp":1.7541001964465432e+09}