{"system_metrics":{"memory_available_gb":7.5941314697265625,"disk_percent":57.4,"disk_free_gb":197.8997573852539,"timestamp":"2025-08-02T02:04:14.445435","cpu_percent":18.3,"memory_percent":52.3},"_timestamp":1.7541002544454358e+09,"_step":0,"_wandb":{"runtime":7},"_runtime":7}