{"_timestamp":1.7541000754561756e+09,"_wandb":{"runtime":8},"_runtime":8,"_step":0,"system_metrics":{"timestamp":"2025-08-02T02:01:15.456175","cpu_percent":24.8,"memory_percent":51.3,"memory_available_gb":7.757198333740234,"disk_percent":57.4,"disk_free_gb":197.91485595703125}}