{"_runtime":8,"_timestamp":1.754098314798253e+09,"_step":0,"system_metrics":{"memory_percent":52.5,"memory_available_gb":7.5631866455078125,"disk_percent":57.4,"disk_free_gb":197.96706008911133,"timestamp":"2025-08-02T01:31:54.798253","cpu_percent":44.9},"_wandb":{"runtime":8}}