{"_timestamp":1.7540986276779566e+09,"_wandb":{"runtime":8},"_runtime":8,"_step":0,"system_metrics":{"timestamp":"2025-08-02T01:37:07.677956","cpu_percent":30.6,"memory_percent":53.8,"memory_available_gb":7.361827850341797,"disk_percent":57.4,"disk_free_gb":197.95389556884766}}