{"_timestamp":1.7541044796771762e+09,"_step":5,"_wandb":{"runtime":31},"_runtime":31,"system_metrics":{"active_processes":230,"timestamp":"2025-08-02T03:14:39.675667","cpu_percent":23.2,"memory_percent":54.8,"memory_available_gb":7.198333740234375,"disk_percent":57.4,"network_bytes_sent":616991765,"network_bytes_recv":1411626440}}