{"_step":0,"_wandb":{"runtime":8},"_runtime":8,"system_metrics":{"disk_free_gb":197.9090690612793,"timestamp":"2025-08-02T02:02:16.488942","cpu_percent":28.4,"memory_percent":50.6,"memory_available_gb":7.86614990234375,"disk_percent":57.4},"_timestamp":1.7541001364889429e+09}