{"_timestamp":1.754100419672389e+09,"_step":23,"_wandb":{"runtime":145},"_runtime":145,"system_metrics":{"disk_percent":57.4,"disk_free_gb":197.90447616577148,"timestamp":"2025-08-02T02:06:59.672389","cpu_percent":20,"memory_percent":53.6,"memory_available_gb":7.387908935546875}}