{"_runtime":8,"_step":0,"system_metrics":{"disk_percent":57.4,"disk_free_gb":197.91111755371094,"timestamp":"2025-08-02T02:01:46.583144","cpu_percent":31.1,"memory_percent":51.8,"memory_available_gb":7.676654815673828},"_timestamp":1.7541001065831442e+09,"_wandb":{"runtime":8}}