{"_runtime":1,"system_metrics":{"network_bytes_sent":652763793,"network_bytes_recv":1423141994,"active_processes":230,"timestamp":"2025-08-02T03:36:06.718444","cpu_percent":42.2,"memory_percent":55.2,"memory_available_gb":7.128364562988281,"disk_percent":57.4},"_timestamp":1.7541057667252057e+09,"_step":0,"_wandb":{"runtime":1}}