{"_timestamp":1.7541057283276317e+09,"_step":0,"system_metrics":{"timestamp":"2025-08-02T03:35:28.317356","cpu_percent":18.4,"memory_percent":54.4,"memory_available_gb":7.259731292724609,"disk_percent":57.4,"network_bytes_sent":652452679,"network_bytes_recv":1422588906,"active_processes":228},"_wandb":{"runtime":1},"_runtime":1}