{"system_metrics":{"cpu_percent":24.1,"memory_percent":52.8,"memory_available_gb":7.513629913330078,"disk_percent":57.4,"disk_free_gb":197.95394897460938,"timestamp":"2025-08-02T01:36:47.138315"},"_timestamp":1.7540986071383152e+09,"_step":0,"_wandb":{"runtime":8},"_runtime":8}