{"_wandb":{"runtime":18},"_runtime":18,"_step":1,"system_metrics":{"cpu_percent":67.1,"memory_percent":53,"memory_available_gb":7.48736572265625,"disk_percent":57.4,"disk_free_gb":197.9662322998047,"timestamp":"2025-08-02T01:30:37.671653"},"_timestamp":1.754098237671653e+09}